SMILES,bioclass
CCCn1c(C)nc2c(c1=O)c1nc3ccccc3nc1n2CCC1=CCCCC1,1
CCCNC(=O)CSc1nc(-c2cccs2)cc(C(F)(F)F)n1,1
C[C@]1(CS(=O)(=O)N2CCC(Oc3ccc(OCc4ccccn4)cc3)CC2)NC(=O)NC1=O,0
COc1nn(C(C)C(=O)N/N=C/c2ccc(O)cc2)cc1[N+](=O)[O-],0
Cc1cc(NC(=O)c2cnn3ccc(N)nc23)n(-c2cccc(Cl)c2)n1,0
COC(=O)c1ccc2ccn(CC(=O)NC3CCCCC3)c2c1,0
COc1ccccc1-c1nccc(NCc2cccc(C)c2)n1,1
Nc1ccc(S(=O)(=O)NCCS(=O)(=O)O)cc1,0
CCC1OC23CCCCC2C(C#N)(C(=N)O3)C1(C#N)C#N,0
Cc1ccoc1C(=O)Nc1ccc(N2C(=O)c3ccncc3C2=O)c(Cl)c1,0
CCCC(=O)Nc1nnc(CCN2CCCCC2)s1,0
CC12CCC(C(=O)N(NC(=O)c3ccc(O)cc3)C1=O)C2(C)C,0
CC(=O)NC1C(OCCOc2ccc(Cl)cc2Cl)OC(COC(C)=O)C(OC(C)=O)C1OC(C)=O,0
C=C[C@@]1(C)CC(=O)[C@@]2(O)[C@@]3(C)[C@H](O)CCC(C)(C)[C@@H]3[C@H](O)[C@H](OC(C)=O)[C@]2(C)O1,0
COc1cc(Cl)ccc1O[C@@H](c1ccccc1)[C@@H]1CNCCO1,0
C[C@H]1CN(Cc2ccc(CC(=O)N3CCC(Nc4cccc(F)c4)CC3)cc2)CCN1,0
CCOC(=O)NNC1CC(=O)N(c2ccc(OC)cc2)C1=O,0
Cc1cccc(CNc2cc(-c3ccccc3C)ncn2)c1,1
CCC(C)(C)n1nnnc1C(c1ccc(C)cc1)N1CCC(C)CC1,0
COc1cc(NC(=O)COC(=O)c2nc3nc(C)cc(C)n3n2)cc(OC)c1,1
CCCc1nnc(SCC(=O)N2CCCCC2C)n1CC1CCCO1,0
FC(F)(F)c1cccc(NC(=S)Nc2cccc(Cl)c2)c1,1
COC(=O)N1CCC2(CCCN(c3ccncc3)C2)CC1,0
Cn1ccc(CN(c2ccc3[nH]ncc3c2)c2nc(-c3ccccn3)cs2)n1,0
Cc1cccc(Sc2ccccc2N2CCNCC2)c1C,0
CCN(CC)C(=O)CSc1nc(O)cc(=O)n1CC,0
COn1c(-c2ccccc2)nc2c1CCc1nonc1-2,1
COc1ccccc1OC(C)C(=O)O,0
CCC(=O)Nc1ccc(C(=O)OCC(=O)c2ccc(C)c([N+](=O)[O-])c2)cc1,0
CC(C)c1nc(CN(C)C(=O)N[C@H](C(=O)N[C@@H](Cc2ccccc2)C[C@H](O)[C@H](Cc2ccccc2)NC(=O)OCc2cncs2)C(C)C)cs1,0
COc1cccc(Cn2c(=O)cnc3cnc(Oc4ccccc4)nc32)c1,1
Cc1ccc(N2CCN(CCC(=O)O)CC2)cc1,0
C#CCCCO/N=C1/C[C@@H](O)[C@@H](O)[C@@H]2[C@@H]3C(=O)N(Cc4ccccc4)C(=O)[C@H]3CC[C@H]12,0
CSc1nc(C)cc(C(=O)NCCN2CCN(c3cccc(C)c3C)CC2)n1,0
CC1(C)[C@@H]2CC[C@]1(C)[C@@H](OC(=O)CSC#N)C2,0
O=C(Nc1ccccc1)c1ccccc1CC[N+](=O)[O-],1
OC(COCC1COc2ccccc2O1)CN1CCc2ccccc2C1,1
Cc1ccc(Nc2ncccc2C(=O)NCc2cccs2)c(C)c1,1
Cc1nnc(C(=O)NC(C)(C)c2nc(C(=O)NCc3ccc(F)cc3)c(O)c(=O)n2C)o1,0
CC1=C2C(=O)[C@@H]3[C@@H](CC=C4C[C@@H](O)CC[C@@]43C)[C@H]2CC[C@@]12O[C@H]1C[C@H](C)CN[C@H]1[C@@H]2C,0
COc1ccc(CCNC(=O)CC(NS(=O)(=O)c2ccc(NC(C)=O)cc2)C(C)C)cc1OC,0
Cc1ccc(/C=C/C(=O)NC(=S)Nc2ccccc2C(=O)NC2CCCCC2)cc1,0
Cn1c(C(=O)Nc2ccccc2)cc2sccc21,1
CCCNC(=O)c1cn2ncnc(Nc3cc(C(=O)NC4CC4)ccc3C)c2c1C,0
Cn1c(SC2=CS(=O)(=O)c3ccccc32)nc2ccccc21,1
Cc1ccc(S(=O)(=O)N(C)C2(C(=O)N[C@H]3C4CC5CC3C[C@](C(N)=O)(C5)C4)CC2)cc1F,0
CC1CCC(=C(C#N)C(=O)Nc2cccc(Cl)c2)CC1,1
O=C(c1csnn1)N1CCC2(CC1)CN(c1ccccc1)C2,0
CN(C)c1ccc(-c2nccc(Nc3ccc(F)cc3)n2)cc1,1
CC(=O)c1cccc(NC(=O)CCC2CCCC2)c1,1
O=C(c1cnccn1)N1CCC2(CC1)CCN(c1ccccn1)CC2,0
Cc1nc2cnc(OCc3ccccc3)nc2n(CCc2ccccc2)c1=O,1
CCC(=O)[C@@]1(C)[C@H](C)C[C@@H]2[C@@H]3CCC4=CC(=O)C=C[C@@]4(C)[C@H]3[C@H](O)C[C@]21C,0
COC(=O)[C@H](C)NC(=O)C/C=C\[C@@H](C)[C@H]1C=C[C@H](O)[C@@H](CO)O1,0
Cn1cccc1C(=O)N1CCC2(CCN(Cc3ccccc3)CC2)CC1,0
COc1cc(C2C(C(=O)c3ccc(F)cc3)=C(O)C(=O)N2CCCC(=O)O)ccc1O,0
O=c1c2ccc([N+](=O)[O-])c3cccc(c32)c2nc3ccccc3n12,1
CNC(=O)N1CCN(c2ccc(N3C[C@H](CNC(=S)OC)OC3=O)cc2F)CCN1,0
N[C@H](Cn1ccc(=O)c(O)c1)C(=O)O,0
O=C(Nc1ccc(N2C(=O)c3cccc(Cl)c3C2=O)c(Cl)c1)c1ncccc1Cl,0
O=C1C[C@@H](c2ccccc2)Oc2cc(O)cc(O)c21,1
COc1ccc(Oc2ncc3nc(-c4ccccc4)c(=O)n(CCC#N)c3n2)cc1,1
Cc1cccc(C)c1NC(=O)N1CCC(N2CCCCC2)CC1,0
CCOc1ccc(C2C(C(=O)O)c3ccccc3C(=O)N2CCN2CCOCC2)cc1,0
CCN1C(=O)[C@H]2[C@H]3[C@H](O)[C@H](O)C/C(=N/O[C@@H](C)CN4CCCCc5nc(C)c(C)cc54)[C@@H]3CC[C@@H]2C1=O,0
COc1ccc(C(=O)Nc2cccc(/C(C)=N/NC(=O)c3ccc([N+](=O)[O-])cc3)c2)cc1OC,0
CCOC(=O)c1ccc(NC(=O)C2(c3ccc(OC)cc3)CCOCC2)cc1,0
CCCC[C@@H]1C[C@H]1C(NS(=O)(=O)c1cccc2cccnc12)c1ccc(-c2ccccc2)cc1,0
CCCn1nc2cc(C(=O)NCc3ccccc3OC)ccc2c1OCC,0
Cn1c(-c2ccc(Br)cc2)cnc1NCc1cccnc1,1
CN1CCCC2(CCN(C(=O)c3cc(C(F)(F)F)cc(C(F)(F)F)c3)CC2)C1,0
Cc1cc(O)c(/C=N/Nc2cccc(Cl)c2)c(=O)o1,1
Cc1ccc(S(=O)(=O)O/N=C2/CCCc3occc32)cc1,0
CC1CCCC(C)N1CC(O)COCC1COc2ccccc2O1,0
CCOC(=O)CCN1C(=O)[C@H]2[C@H]3[C@H](O)[C@H](O)C/C(=N/NC(=O)OCc4ccccc4)[C@H]3CC[C@@H]2C1=O,0
CCn1c(P(=O)(O)c2ccccc2)nc2ccccc21,0
CCOc1cc2[nH]c(=S)n(CCCC(=O)NCc3ccco3)c(=O)c2cc1OCC,0
Cc1nn(-c2ccc(F)cc2)c(C)c1NS(=O)(=O)c1ccc2ccccc2c1,1
OC1(c2ccc(OC(F)F)cc2)CS/C(=N\c2cccnc2)N1C1CC1,1
CCCCn1c(SC(C)C(N)=O)nc2cc(C(=O)OC)ccc2c1=O,1
OCCCSCCO,0
NP(N)(=O)NC(=O)c1ccc(F)cc1,0
Clc1ccccc1-c1ccc2ncnc(NCCN3CCOCC3)c2c1,1
N=C(N)NNC(=O)C(=O)O,0
COc1ccc(C(CC(=O)Nc2ccc(F)cc2)c2ccccc2)cc1,1
O=C(c1ccncc1)N1CCC[C@@]2(CCN(c3cccc(-c4ccccc4)c3)C2)C1,1
Cc1ccc(-c2nnc(S)n2/N=C/c2cccn2C)cc1,1
COc1ccc(OC)c([C@H](O)CNC(=O)CN)c1,1
O=C(O)C1C2C=CC3(CN(Cc4ccccn4)C(=O)C13)O2,0
CC(=O)NNC(=O)CCC(=O)Nc1ccccc1,0
CC(C)CC(=O)Nc1sc2c(c1C#N)CC(C)(C)NC2(C)C,0
Cc1ccc(OCc2ccc(C(=O)Nc3nccs3)o2)cc1C,1
Cc1ccc(S(=O)(=O)Nc2cc(O)nc3c2CCC3)cc1,1
c1ccc2c(c1)c1cccc3ccc4cccc2c4c31,1
Cc1cccc(Cc2c(C)nc3nc(SCC(=O)NCc4ccco4)nn3c2C)c1,0
CCN(CC)CCNC(=O)c1ccc(Cl)c(S(=O)(=O)Nc2ccccc2OC)c1,0
CN1CCC(=C2c3ccccc3CCc3sccc32)CC1,0
CCOc1ccc2nc(NC(=O)c3ccc(S(=O)(=O)N4CCOCC4)cc3)sc2c1,0
CCOC(=O)CCc1c(C)nc2ncnn2c1C,0
O=C(O)Cc1nc[nH]c1C(=O)O,0
CC/C=C\CC[C@H](O)C1=CCCCC1=O,0
Cc1ccc(S(=O)(=O)Oc2ccc(/C=C(/NC(=O)c3ccccc3)C(=O)Nc3ccccc3)cc2)cc1,0
CC1(C)[C@@H]2CC[C@]1(C)CN(CCC[N+](C)(C)C)C2,0
Cc1noc(N)c1C(=O)Nc1ccc(F)cc1,1
O=C(OCCOCCO)c1ccccc1Nc1cccc(C(F)(F)F)c1,1
Cc1ccc(C(=O)N/N=C/c2ccc([N+](=O)[O-])s2)cc1,1
O=C(CC1CCCCC1)N1CCC(c2nc(-c3ccc(S(=O)(=O)N4CCCC4)cc3)no2)CC1,0
c1ccc(CCCN2CCN(CCOC(c3ccccc3)c3ccccc3)CC2)cc1,0
CCOc1ccc(NC(=O)CSc2nnc(CCNC(=O)c3ccc(OC)cc3)n2CC)cc1,0
C=CC(=O)N1C(=O)c2ccccc2S1(=O)=O,0
CCCOc1ccc(C(=O)OCCN(CC)CC)cc1N,1
COc1cccc(-c2nnc3n2N=C(C(C)(C)C)CS3)c1,1
CC(=O)N1CCC2(CCCN(c3ccccc3)C2)CC1,0
CCN1CCN(S(=O)(=O)c2ccc(Cl)c(C(=O)Nc3nnc(CC(C)C)s3)c2)CC1,0
COCCNC(=O)[C@H]1C[C@@H]1[C@H](NP(=O)(c1ccccc1)c1ccccc1)c1ccccc1,0
O=c1c(-c2nc3ccccc3s2)cccn1Cc1ccccc1,1
CCOC(=O)CSc1cc(C(F)(F)F)nc(-c2ccccn2)n1,1
NC(=O)C[C@H](NC(=O)Cc1ccc(O)cc1O)C(=O)O,0
FC(F)(F)c1ccccc1-c1nc(-n2ccnc2)c2ccccc2n1,1
COC(=O)N(C)c1ccccc1C(=O)N1CCOCC1,0
N=c1[nH]c2c(ncn2[C@H]2CC[C@@H](CO)O2)c(=O)n1C(=O)c1ccccc1,1
COc1ccc2[nH]c3nc(SCC(=O)NNC(=O)c4ccc(OC)c(OC)c4)nnc3c2c1,0
CC(C)S(=O)(=O)NC1Cc2ccc(-c3ccc(Cl)cn3)cc2C1,0
COc1cc(/C=C/c2cccs2)cc(OC)c1,1
O=C(CSc1nccn1-c1ccccc1)c1ccc(Cl)cc1,1
O=C1C(SCCO)=C(SCCO)C(=O)c2ccccc21,1
O=S1(=O)CCN(CCc2cn(Cc3ccc(C(F)(F)F)cc3)c3ccccc23)CC1,1
COc1cccc(Cn2c(=O)cnc3cnc(Nc4ccccc4)nc32)c1,1
CCn1c(SCc2ccc(C)cc2)nnc1-c1nn(-c2ccccc2)ccc1=O,0
CC(C)COc1ccc(C(=O)Nc2scc(-c3ccc(Cl)cc3Cl)c2C(N)=O)cc1,0
S=C1CCc2cc(-c3cccnc3)ccc2N1,1
Cc1cccc2c1OCC/C2=N\NC(=O)COc1ccccc1Cl,1
Cc1ccc(C(=O)NC2CC2)cc1-c1ccc2c(c1)NC(=O)C21CCCC1,1
CCc1nc2cc(Cl)ccn2c1C(=O)NCc1ccc(N2CCN(c3ccc(OC(F)(F)F)cc3)CC2)cc1,0
Cc1ccccc1-c1cc(N(C)Cc2ccco2)ncn1,1
O=C(CCN1C(=O)C2C3C=CC(C3)C2C1=O)Nc1c(F)cccc1F,0
Nc1ccc(C(=O)C[C@H](N)C(=O)O)cc1O,0
O=C(/C=C/c1cc(F)cc(F)c1)N1CCC([C@@H](CO)N2CCC(c3c[nH]c4ncccc34)CC2)CC1,0
Cc1ccc(OCC(=O)NNC(=O)C2CCN(c3ncccn3)CC2)cc1,0
Oc1cccc(-c2nc3c4c(ncn3n2)-c2ccccc2CC42CCCC2)c1,1
O=C(c1ccco1)N1CCC2(CC1)CN(c1cccc(-c3ccccc3)c1)C2,1
N#Cc1cccc(-c2cc(NCc3cccs3)ncn2)c1,1
Cc1ccc(OC(=O)c2cccc(C(=O)Oc3ccc(C)cn3)n2)nc1,0
CCNc1ncc2nc(-c3cn(C)c4ccccc34)c(=O)n(C)c2n1,1
c1ccc2ccccc2c1,0
O=C(O)c1cc2ccccc2c(S(=O)(=O)O)c1O,0
COC(=O)[C@@]1(Cc2ccccc2)[C@H]2c3cc(C(=O)N4CCCC4)n(Cc4ccccn4)c3C[C@H]2CN1C(=O)c1ccccc1,0
COC(=O)C1(Cc2ccccc2)C=C2C(=C(c3ccccc3)C(=O)C2C)CN1,1
Cc1ccc(S(=O)(=O)CC#CCOC(=O)c2ccc([N+](=O)[O-])cc2)cc1,1
CCOC(=O)C(=Cc1ccc(-c2ccsc2C(=O)OC)o1)C(=O)OCC,1
CCC(=O)Nc1ncnc2ncn(C(=O)CC)c12,0
C[C@H]1CN(S(=O)(=O)C[C@]23CC[C@H](C[C@@H]2O)C3(C)C)CCN1c1ncc(C(F)(F)F)cc1F,0
COc1cccc(/C=C/c2ccc(SC)cc2)c1,0
O=C1c2cc(Cl)cc3cnn(c23)CCN1[C@@H]1CN2CCC1CC2,0
C/C(CCC(=O)OC[C@@H]1O[C@H](C#Cc2ccccc2)C=C[C@@H]1Oc1ccc(C)cc1)=N/O[C@@H](C)c1cc(-c2c(C)cc(C)cc2C)no1,0
Oc1cc2c(cc1O)CN(C(=S)NCCc1ccc(Cl)cc1)CCC2,1
CSc1nc2c(c(C(F)(F)F)n1)CC(C)CC2,1
CN1CCc2c(cc(O)c(O)c2Cl)[C@H](c2cccc(Cl)c2)C1,0
O=S(=O)(c1ccccc1)c1cnn2c(C(F)(F)F)cc(-c3ccccc3)nc12,0
COc1cc(C2N(c3cc(C)on3)C(=O)C3CCCN32)cc(OC)c1OC,1
O=c1c(-c2ccc(Cl)cc2)nc2cnc(N3CCNCC3)nc2n1CCc1ccccc1,1
Cc1ccc(-c2nnc(-c3ccccc3S(=O)(=O)Cc3ccc(Cl)cc3)o2)cc1,0
CC(=O)c1nnn(-c2nc(N)nc(N(c3ccccc3)c3ccccc3)n2)c1C,1
CN1CC=C(c2c[nH]c3ccc(NC(=N)c4ccco4)cc23)CC1,1
COc1ncc2nc(C)c(=O)n(CCc3ccccc3)c2n1,1
O=C(NCc1ccccc1)c1cccc(COc2cccc(Cl)c2)c1,1
N#CCCn1c(=O)c(-c2ccc(Cl)cc2)nc2cnc(OCc3ccccc3)nc21,1
O=C(O)c1cc(-c2ccc(F)cc2F)ccc1O,0
COc1ccc(OC)c2c1c(OC)cc1c(=O)c(O)c(-c3ccc(F)cc3)oc12,1
O=[N+]([O-])c1cccnc1NCCNc1ncc(C(F)(F)F)cc1Cl,1
COc1ccccc1NC(=O)Nc1nnc(-c2ccco2)s1,1
COc1ccc(C(S)=Nc2ccccc2)cc1,1
CC(/C=N/NC(=O)Cc1cccs1)=C\c1ccco1,1
Cc1[nH]c2ccccc2c1-c1cc(-c2cc(-c3c(C)[nH]c4ccccc34)on2)no1,1
Cc1cc(=O)[nH]c(-n2nc3c(c2O)CCCC3)n1,0
CCOc1c2ccc(C(=O)NCCc3cccs3)cc2nn1CC,1
CC[N+](C)(C)c1cccc(O)c1,0
CN(C)S(=O)(=O)Oc1ccsc1C(=O)Nc1ccc(Cl)cc1,1
O=S(=O)(c1ccc2[nH]c(SCc3cccc(Cl)c3)nc2c1)N1CCOCC1,0
CN(Cc1ccco1)c1ncncc1-c1cccnc1,1
COc1cc(/C=C2/C(=N)N3C=CSC3=NC2=O)ccc1OCCCOc1c(C)cccc1C,1
CCOC(=O)CC(NC(=O)c1cccs1)c1ccc(OCC)cc1,1
O=c1c(-c2ccc(F)cc2)nc2cnc(N3CCOCC3)nc2n1C[C@H]1CCCO1,1
CO[C@@H]1COC(=O)[C@H](C)NC(=O)C/C=C\[C@@H](C)[C@H](OC)COC(=O)[C@H](C)NC(=O)C/C=C\[C@H]1C,0
CN(C)CC[C@@H](C(=O)C(C)(C)C)c1ccccn1,0
CO[C@@H]1COC(=O)C/C=C\[C@@H](C)[C@@H]2C=C[C@H](O)[C@@H](COC(=O)CCC[C@H]1C)O2,0
O=C(NOCCO)c1ccc2cncn2c1Nc1ccc(I)cc1F,0
N#CCCn1c(=O)c(-c2ccccc2)nc2cnc(N3CCNCC3)nc21,1
CO[C@@H]1/C=C\O[C@]2(C)Oc3c(C)c(O)c4c(O)c(c(CN5CCN(C)CC5)c(O)c4c3C2=O)NC(=O)/C(C)=C\C=C[C@@H](C)[C@@H](O)[C@H](C)[C@@H](O)[C@H](C)[C@H](OC(C)=O)[C@@H]1C,0
CCN1C(=O)[C@H]2[C@H]3[C@H](O)[C@H](O)C/C(=N/OC[C@@H]4O[C@H](c5ccccc5)C=C[C@@H]4Oc4ccc(OC)cc4)[C@@H]3CC[C@@H]2C1=O,0
COC(=O)c1cc2c(cn1)[nH]c1ccccc12,1
CS(=O)(=O)N(CCN1CCOCC1)c1ccc(Nc2ncc3cnn(C4CCCCCC4)c3n2)cc1,0
COc1ccc(NC(=O)N2CC3(CCN(C(=O)c4csnn4)CC3)C2)cc1,0
Cc1cccc(Cl)c1NC[C@H](O)CN1CCN(C)CC1,0
Cc1nc(O)c(C#N)c2c1CSC(C)(C)C2,0
c1csc(CN2CC[C@@]3(CCCNC3)C2)n1,0
CS(=O)(=O)Nc1cccc(-c2nccc(Nc3ccc(F)cc3)n2)c1,1
CC1=NN(c2ccccc2)C(=O)/C1=C\N1CC(C)OC(C)C1,0
CSc1[nH]c(-c2ccc(C)cc2)nc1S(=O)(=O)c1ccccc1,1
CC1=CC(=C2C(=O)c3ccccc3C2=O)C=C(C)N1Cc1ccco1,1
Cn1cccc1C(=O)N1CCC[C@@]2(CCN(c3cccc(-c4ccccc4)c3)C2)C1,1
O=C1c2ccccc2-c2cc([N+](=O)[O-])c([N+](=O)[O-])cc21,1
Cc1ccc(NC(=O)N/C=C/c2ccc(Cl)cc2)cc1,0
CCCCN1C(=O)C(NC(=O)c2cccnc2)(C(F)(F)F)C2=C1CC(C)(C)CC2=O,0
Cc1cc([N+](=O)[O-])nn1CC(=O)NN=C(S)Nc1ccc(F)cc1,0
COC(=O)N1CCC2(CC1)CN(c1ccncc1)C2,0
COc1cccc(Nc2ncc3nc(-c4cn(C)c5ccccc45)c(=O)n(C[C@H]4CCCO4)c3n2)c1,0
CCOC(=O)c1cc(-c2ccccc2)sc1NC(=O)c1ccc(OC)cc1,1
Cc1ccc(S(=O)(=O)NCC(=O)N(CC(=O)NCc2ccco2)Cc2cccs2)cc1,0
C/C(=N\NC(=O)CSCc1ccc(Cl)cc1)c1ccc2c(c1)OCCO2,1
CCn1cnc2sc(C(=O)N3CCN(c4ccc(OC)cc4)CC3)c(C)c2c1=O,0
CC(=O)OC[C@@H]1O[C@@H](O/N=C2/C[C@@H](O)[C@@H](O)[C@@H]3[C@@H]4C(=O)N(C(C)(C)C)C(=O)[C@H]4CC[C@@H]23)[C@H](OC(C)=O)[C@H](OC(C)=O)[C@@H]1OC(C)=O,0
Cc1cc(NC(=O)CSc2nc3sc(C)c(C)c3c(=O)n2C2CCCC2)no1,0
CC1(C)S[C@@H]2[C@H](NC(=O)[C@@H](N)c3ccccc3)C(=O)N2[C@H]1C(=O)O[C@H]1OC(=O)c2ccccc21,0
COc1ccccc1-c1ccc2ncnc(N3CCOCC3)c2c1,1
CCOC(=O)N1CCC(NC(=O)CCC(=O)N2CCOc3ccccc32)CC1,0
COCCn1c(=O)c(C)nc2cnc(N3CCNCC3)nc21,1
C[n+]1ccc(/C=C/c2ccc(Br)cc2)cc1,0
C/C=C1\C[N@@+]2(C)CC[C@@]34C(=C(C=O)[C@H]1C[C@H]32)Nc1ccccc14,0
OC[C@@H]1O[C@@H](n2cnc3c(NC4CCCC4)ncnc32)[C@H](O)[C@H]1O,0
O=c1c(-c2cc(F)cc(F)c2)nc2cncnc2n1C1CC1,1
CCOC(=O)c1[nH]c2ccc(OC)cc2c1NC(=O)c1ccc2c(c1)OCO2,1
CC(C)(C)c1cc2cccnc2n1Cc1ccccc1,1
CCc1ccc(NC(=O)Cn2nc(C(F)(F)F)c3c2CCC3)cc1,1
NC(=O)c1sc(-c2ccccc2)cc1N,1
CC(Cc1ccccc1)NC(=O)CSc1nc2nc3c(cc2c(=O)n1-c1ccccc1)COC(C)(C)C3,0
CN(C/C=C\CN)C[C@H]1O[C@@H](n2cnc3c(N)ncnc32)[C@H](F)[C@@H]1O,1
CCc1cccc(CC)c1NC(=O)Nc1ccc2[nH]nc(-c3cccc(S(N)(=O)=O)c3)c2c1,0
O=C1C2=CC[C@@H]3C(=O)N(c4ccc(F)cc4F)C(=O)[C@H]3[C@H]2[C@H](O)[C@H]2O[C@H]12,0
CO[C@H]1COC(=O)[C@H](C)NC(=O)C/C=C\[C@@H](C)[C@H](OC)COC(=O)C/C=C\[C@@H]1C,0
O=C1CCCN1Cc1ccc(-n2nc(C(F)(F)F)c3c2CCOC3)cc1,1
n1n[nH]c(-c2nnn[nH]2)n1,0
Cc1cc(=O)n(-c2ccccc2)n1C,0
CC(C)(C)C(=O)NC(Nc1cccc2cccnc12)C(Cl)(Cl)Cl,1
C[C@@H](N=C(N)N)C(=O)O,0
CC(=O)OC[C@@H]1O[C@@H](O/N=C2/C[C@@H](O)[C@@H](O)[C@@H]3[C@@H]4C(=O)N(c5cccc(Oc6ccccc6)c5)C(=O)[C@H]4CC[C@@H]23)[C@H](OC(C)=O)[C@H](OC(C)=O)[C@@H]1OC(C)=O,0
COc1cccc(C(C#N)N2N=C(C)CC2(C)C)c1O,0
COC(=O)C1=CCCN(C)C1,0
COc1ccccc1N1CCN(C(=O)c2cc(-c3ccccc3)n[nH]2)CC1,0
CC(=O)[C@@H]1CC[C@H]2[C@H]3CC[C@H]4C[C@@H](O)CC[C@]4(C)[C@@H]3C(=O)C[C@@]12C,0
COc1ccc(C(=O)Nc2ccc(Cl)cn2)cc1Cl,1
COC(=O)/C=C\CCc1coc(/C=C\CNC(=O)OC)n1,0
COCC(=O)N1CCC2(CC1)CCN(C(=O)NC(C)C)CC2,0
CCc1nn(C)c(-c2nnc(S)n2N)c1Cl,0
Cc1nc2cnc(N3CCNCC3)nc2n(C)c1=O,1
Cc1ncc([N+](=O)[O-])n1CCN=[N+]=[N-],0
O=C(c1cnccn1)N1CCC[C@@]2(CCN(Cc3cc(C(F)(F)F)cc(C(F)(F)F)c3)C2)C1,0
Cc1ccc(CNC(=O)CCNC(=O)c2ccco2)cc1,1
CC(=O)N1CCN(S(=O)(=O)c2ccccc2)C1c1ccccc1,0
COC(=O)c1[nH]c2ccc(Br)cc2c1NC(=O)CN1CCN(C2CCCCC2)CC1,1
O=C(CCCNC(=O)/C(=C\c1ccccc1F)NC(=O)c1ccccc1)OCc1ccccc1,0
Clc1ccc2c(c1)C(c1cccs1)=NNC(c1cccnc1)=N2,1
C[C@@H]1C[C@H](OC(=O)[C@@H](O)c2ccccc2)CC(C)(C)N1C,0
Cc1cc(NC(=O)CSCCO)no1,0
O=C(O)CCCCn1cnc2c(S)ncnc21,0
CNC[C@H](O)c1cccc(O)c1,0
N#CCCn1c(=O)c(-c2cccs2)nc2cnc(Nc3ccccc3)nc21,1
O=C(Nc1ccc(S(=O)(=O)c2cnn(C3CCOCC3)c2)cc1)[C@@H]1C[C@H]1c1cccnc1,0
O=C(Nc1ccc2c(c1)OCCO2)c1cc2sccc2n1Cc1ccc(F)cc1,1
CCNC(=O)CSc1nnc(C2CC2)n1-c1ccccc1,0
O=C(c1cn(-c2ccccc2)nc1-c1cccs1)N1CCOCC1,1
Cc1ccc(NC=C2C(=O)CC(c3ccco3)CC2=O)cc1,1
N#Cc1ccccc1-c1nc(NCCN2CCOCC2)c2ccccc2n1,1
CCc1nnc(NC(=O)C2Cc3ccccc3CN2S(=O)(=O)c2ccc(C)cc2)s1,0
COC(=O)[C@@]1(Cc2ccccc2)[C@H]2c3cc(C(=O)N4CCCC4)n(Cc4cc(F)cc5c4OCOC5)c3C[C@H]2CN1C(=O)c1ccccc1,0
COc1ccc(C(=O)c2cnc3ccccc3c2-c2ccccc2)cc1,1
COC(=O)C1(Cc2ccccc2)C2c3cc(C(=O)N4CCCC4)n(Cc4ccc(OC(F)(F)F)cc4)c3CC2CN1C(=O)c1ccccc1,0
CN(CCC(=O)N1CCN(c2ccc(F)c(F)c2)CC1)CCC1c2ccccc2Oc2ccccc21,0
O=C(c1ccc(F)cc1)N1CCn2c(nnc2-c2ccccn2)C1,0
COC(=O)C[C@@H]1O[C@H]1[C@H](C)[C@@H](OC)C(C)C,0
O/N=C/c1cc(Br)ccc1OCc1cccc(F)c1,1
O=C(Nc1cccc(F)c1)N1CC[C@@]2(CCCN(C(=O)c3ccncc3)C2)C1,0
Oc1ccc2[nH]cc(CCCCN3CC=C(c4ccccc4)CC3)c2c1,1
Clc1ccccc1/C=N/Nc1nc2c(s1)CCCC2,1
COC(=O)c1[nH]c2ccc(Br)cc2c1NC(=O)CN1CCCc2ccccc21,1
C/C(=N\NC(=O)c1[nH]c2c([N+](=O)[O-])cc(C)cc2c1-c1ccccc1)c1cccnc1,1
N=C(NOC(=O)Cc1ccc(Cl)cc1)c1cccnc1,1
COc1cc2c(CCNC(C)=O)c[nH]c2cc1Cl,1
O=C(N/N=C1/C[C@@H](O)[C@@H](O)[C@@H]2[C@@H]3C(=O)N(c4cccc(Oc5ccccc5)c4)C(=O)[C@H]3CC[C@H]12)OCc1ccccc1,0
COc1ccc(-c2cc(C3CCN(c4cc(Cl)nc(N)n4)CC3)[nH]n2)cc1,1
Cc1ccc(S(=O)(=O)N[C@@H](Cc2ccccc2)C(=O)CCl)cc1,1
CNCc1cc(=O)oc2cc(OCc3cccc(Cl)c3)ccc12,1
N[C@H](CC(=O)O)C(=O)O,0
CC(C)c1ccc(CNc2cc(N3CCCC3)ccc2[N+](=O)[O-])cc1,1
CCOC(=O)CC1C(=O)NCCN1S(=O)(=O)c1ccc(Cl)c(Cl)c1,0
O=C(c1ccco1)N1CCC2(CC1)CCN(C(c1ccccc1)c1ccccc1)CC2,0
Cc1ccc(SCc2n[nH]c3c2C(C(C)C)C(C#N)=C(N)O3)cc1,1
N=C(N)N/N=C(/c1ccccc1)c1ccc(O)cc1O,1
COC(=O)[C@@]1(Cc2ccc(OC)cc2)[C@H]2c3cc(C(=O)N(C)C)n(CCSCCO)c3C[C@H]2CN1C(=O)c1ccccc1,0
N1=C(c2nnn[nH]2)NNC(c2nnn[nH]2)=N1,0
COC(=O)c1ccc(C23CC2(C(NP(=O)(c2ccccc2)c2ccccc2)c2ccccc2)C3)cc1,1
O=C(OCc1cccc(F)c1)c1ccc2c(c1)-c1ccccc1C2=O,1
COc1ccccc1OC[C@H](O)CN1CCN(CC(=O)Nc2c(C)cccc2C)CC1,0
NC/C=C\C(=O)O,0
Cc1cc(N(CN2CCCC2=O)C(=O)c2ccc(F)cc2)no1,0
Cc1ccc(Sc2ncccc2COC(=O)Nc2ccccc2C)cc1,1
COC(=O)[C@@]1(Cc2ccc(F)cc2)[C@H]2c3cc(C(=O)N4CCCC4)n(Cc4ccc(Cl)c(C(F)(F)F)c4)c3C[C@H]2CN1C(=O)c1ccccc1,0
COc1ccc(CCNC(=O)c2nnn(CC(=O)Nc3ccccc3C)c2N)cc1OC,0
CNc1ncncc1-c1ccccc1CN(C)C,1
Cc1ccccc1OCCCC(=O)NCc1ccco1,1
COCCC/N=C/C1=C(O)CC(C)(C)CC1=O,0
CC(C)OC(=O)CSc1nc(-c2ccc(F)cc2)nc2ccc(F)cc12,1
O=C(c1ccncc1)N1CCC2(CCCN(Cc3ccccc3)C2)CC1,0
C=C1c2c(Cl)ccc(O)c2C(=O)C2=C(O)[C@@]3(O)C(=O)C(C(N)=O)=C(O)[C@@H](N(C)C)[C@@H]3[C@@H](O)[C@H]12,0
N#Cc1c[nH]c(C(=O)Nc2ccc(C3CCN(C(=O)c4ccc[n+]([O-])c4)CC3)cc2C2=CCCCC2)n1,0
C/C(CCN1CCc2nc(-c3ccccc3)c(-c3ccccc3)cc2C1)=N\O[C@@H](C)c1cc(-c2c(C)cc(C)cc2C)no1,0
Cn1c(=O)n2n(c1=O)[C@H]1[C@H](O)[C@H]3O[C@H]3C(=O)[C@H]1CC2,0
Cc1ccc(/C=N/n2nnnc2N)cc1[N+](=O)[O-],1
CCn1c(=O)c2c(nc3n2CCS3)n(C)c1=O,0
CCCCC/C(=N\O)c1c[nH]c2ccccc12,1
O=c1cnc2cnc(N3CCOCC3)nc2n1CCc1ccccc1,1
COC(=O)CNC(=O)CN1C(=O)N(c2ccccc2)C(N(O)C(=O)Nc2ccccc2)C1(C)C,0
CCCS(=O)(=O)c1ccc2[nH]c(-c3cccc(-c4ccccc4)c3)nc2c1,1
CC(C)=NO[C@@H](C)CN1CCCCc2nc(C)c(C)cc21,0
Oc1ccc2c3c1O[C@@H]1c4[nH]c5c(c4C[C@@]4(O)[C@@H](C2)N(CC2CC2)CC[C@]314)C[C@]1(O)[C@@H]2Cc3ccc(O)c4c3[C@@]1(CCN2CC1CC1)[C@H]5O4,0
Cc1noc(C)c1COc1cccc(C(=O)OCC(=O)N2CC(=O)Nc3ccccc32)c1,1
C[C@H](Oc1ccc(S(C)(=O)=O)cc1C(=O)N1CCN(c2ncc(C(F)(F)F)cc2F)CC1)C(C)(C)C,0
Cc1ccccc1-c1nc(N2CCNCC2)c2ccccc2n1,1
Cc1nn(C2CCOCC2)c(NS(=O)(=O)c2ccc(C3CC3)cc2)c1C(=O)N[C@@H](C)C(C)(C)C,0
c1ccc2c(N3CCNCC3)nc(-c3ccc4c(c3)OCO4)nc2c1,1
CC[C@@H]1OC(=O)[C@H](C)[C@H](O[C@@H]2C[C@](C)(OC)[C@H](O)[C@H](C)O2)[C@H](C)[C@H](O[C@@H]2O[C@@H](C)C[C@@H](N(C)C)[C@@H]2O)[C@](C)(O)C[C@H](C)C(=O)[C@H](C)[C@H](O)[C@]1(C)O,0
COc1cccc(-c2cc(NCc3ccccc3)ncn2)c1,1
C[C@]12CC[C@@H]3C(=CCc4cc(O)ccc43)[C@@H]1CCC2=O,1
CCCN1CCc2cc(O)cc3c2[C@H]1Cc1ccc(O)c(O)c1-3,1
Cc1ccc(S(=O)(=O)N[C@H](CO)C(=O)O)cc1,0
CN1CCN(c2ncc3nc(CCc4ccccc4)c(=O)n(Cc4ccc(F)cc4)c3n2)CC1,0
C[C@@H]1c2nnc(-c3csc(C(F)(F)F)n3)n2CCN1C(=O)c1ccc(-c2cccs2)cc1,1
Fc1ccc(Oc2nccc3[nH]ccc23)c(F)c1,0
Nc1cccc2cnccc12,1
Nc1nc(Br)c2c(F)cccc2c1-c1ccc(F)cc1,1
O=C1c2cc(COc3ccccc3)nn2CCN1c1ccc(F)cn1,0
O=C(OCc1ccccc1)N1CC=C(C#Cc2ccccn2)CC1,0
CC(=O)NCCNc1ccnc(-c2ccccc2C)n1,1
CCc1ccccc1N=C(S)NC1CC2CCC(C1)N2Cc1ccco1,0
COc1ccc(C(=O)Nc2ccc(OCC(F)(F)C(F)F)c(C(F)(F)F)c2)cc1OC,0
Cc1cccc(Sc2c([N+](=O)[O-])ncn2C)n1,0
COc1ccccc1CNc1ccnc(-c2cccc(C#N)c2)n1,1
Cn1cccc1C(=O)N1CCC[C@@]2(CCN(c3ccncc3)C2)C1,1
CC(O)(CS(=O)(=O)c1cccc(C(F)(F)F)c1)C(=O)Nc1cccc(C(F)(F)F)c1,0
c1ccc(-n2cnc3cc(NCc4cccs4)ccc32)cc1,1
C=CC1=C(C(=O)O)N2C(=O)[C@@H](NC(=O)/C(=N\OCC(=O)O)c3csc(N)n3)[C@@H]2SC1,0
O=C(CSc1ccc(Cl)cc1)Nc1ccc(N2CCN(C(=O)c3ccc(Cl)cc3)CC2)cc1,0
CCS(=O)(=O)c1cc2cc(C[C@](O)(CC(C)(C)c3ccc(F)cc3C(N)=O)C(F)(F)F)[nH]c2cn1,0
O=S(=O)(O)C1CCNCC1,0
COc1ccc(C2C(Oc3ccccc3)C(=O)N2c2cc(C)ccc2C)cc1OC,0
Cc1ccc2c(c1)N[C@H](c1ccc(C(=O)O)cc1)c1cccn1-2,1
Cn1c(=O)c2nc(CCCCc3nc4c(=O)n(C)c(=S)n(C)c4[nH]3)[nH]c2n(C)c1=S,0
O=C(CSc1nccn1-c1ncc(C(F)(F)F)cc1Cl)c1ccc(Cl)cc1,1
CCCC[C@@H]1C[C@H]1C(NC(=O)c1ccco1)c1ccccc1,1
COC(=O)C(Cc1ccc(OC(=O)c2ccc(C(F)(F)F)cc2)cc1)N1Cc2ccccc2C1=O,0
Cc1ccc(Sc2nc(C)cc(C)c2S(C)(=O)=O)cc1,1
CO[C@@H](C)[C@](O)(C(=O)OCC1=CCN2CC[C@@H](O)[C@H]12)C(C)C,0
O=C(c1csnn1)N1CCC2(CCN(Cc3ccccc3)CC2)CC1,0
COc1ccc(CCNC=C2C(=O)CC(C)(C)CC2=O)cc1,0
Cc1nc2c(O)cccc2c(=O)[nH]1,1
Cn1cnc(S(=O)(=O)N2C[C@@H]3[C@H](C2)[C@@]3(CNC(=O)c2ccccc2C(F)(F)F)c2ccccn2)c1,0
CCC/C=C(\CCC)C(NC(=O)OCC(C)C)c1ccccc1,0
CCOc1ccc(N(C(C)C(=O)NC(C)CC)S(C)(=O)=O)cc1,0
CCOC(=O)Cc1csc(NC(=O)CCCCCN2C(=O)c3ccccc3C2=O)n1,1
Cc1ccc(-c2ccnc(S)n2)cc1,1
FC(F)(F)c1ccc(N(c2cccnc2)C2CCN(c3ccc(C(F)(F)F)cn3)CC2)cc1,0
CCN(CC(=O)NCc1cccs1)S(=O)(=O)c1ccc(C(C)C)cc1,0
Cc1ccccc1CS(=O)(=O)CCC(=O)NCCCN1CCN(c2ccccc2F)CC1,0
Cc1ccc(N[C@H](c2ccccc2)c2ccc3cccnc3c2O)cc1,0
Cc1cc2c(nc1C)CCCN2C[C@H](O)CN1CCCc2nc(-c3ccc(Br)cc3)ccc21,0
CCc1cc(CC[C@]2(C3CCCC3)CC(O)=C(Cc3nc4nc(C)cc(C)n4n3)C(=O)O2)cc(CC)n1,0
O=C(O)CCCc1ccc(N(CCCl)CCCl)cc1,0
O=C(N/N=C/c1ccc(O)cc1)c1csc2ccccc12,1
COc1ccc(-c2cc(CCCC(=O)NCCc3ccc(OC)cc3OC)no2)cc1,1
Cc1ccc(NC(=O)CN(Cc2ccccc2)S(C)(=O)=O)cc1C,1
O=C(NCc1ccc(S(=O)(=O)C2CCN(C3CCOCC3)CC2)cc1)N1Cc2ccncc2C1,0
COc1ccccc1N(CC(=O)NCC1CCCO1)C(=O)CNS(=O)(=O)c1ccc(C)cc1,0
CC(=O)c1c(C)nc(-c2ccccc2)n1O,1
C[C@@]12C=CC(=O)C=C1CC[C@H]1[C@H]3CC[C@](O)(C(=O)CO)[C@]3(C)CC(=O)[C@@H]12,0
O=C(c1ccc(F)c(O)c1)c1nc2ccc(O)cc2s1,1
Cn1c(C(=O)NCC2CCCO2)cc2c(=O)n3ccccc3nc21,1
CNC(=O)[C@@H]1C[C@H]1[C@@H](NP(=O)(c1ccccc1)c1ccccc1)c1ccccc1,0
CCC(O)CNc1nc(-n2nc(C)cc2C)nc2sc3c(c12)CC(C)(C)OC3,1
N[C@@H](CSC1c2ccccc2-c2ccccc21)C(=O)O,1
O=C1NC(=O)N(CCc2ccc(F)cc2)C(=O)/C1=C/NCCCN1CCOCC1,0
CN(C)Cc1ccccc1-c1nc(N(C)Cc2ccco2)c2ccccc2n1,1
COc1ccc(C(=O)/C=C/Nc2ccc(NC(C)=O)cc2)cc1OC,0
Cc1nn(C)c(Cl)c1NC(=O)OCc1ccc(Cl)cc1Cl,1
CSc1nncc(-c2ccc(F)c(F)c2)n1,1
CC(C)=CCC/C(C)=C/CO/N=C1/C[C@@H](O)[C@@H](O)[C@@H]2[C@@H]3C(=O)N(C[C@@H]4CCCO4)C(=O)[C@H]3CC[C@@H]12,0
COc1ccc(-c2cc(C(=O)O)c3c(C)nn(-c4ccccn4)c3n2)cc1,0
Cc1nc2c(C)cccn2c1C(=O)C1=C(O)C(=O)N(CCN2CCOCC2)C1c1cccs1,0
Cc1cc(C(=O)NCCO)ccc1-n1c2ccc(F)cc2c2[nH]ncc21,1
Cc1cc(C(=O)N[C@H]2CC[C@@H](NC(=O)c3cc(F)cnc3Oc3cccc(-c4ccc(CCN5CCC(N6CCCC6)CC5)cc4)c3)CC2)nn1C,1
COc1ccc(C2NC(S)=NC3=C2CCc2cc(OC)ccc23)cc1,1
COC(=O)C1=C(C)NC(C)=C(C(=O)OCCCN2CCC(c3ccccc3)(c3ccccc3)CC2)[C@H]1c1cccc([N+](=O)[O-])c1,0
C=C/C(C)=C/[C@]1(C)SC(=O)C(C)=C1O,0
CC(C)(C)NC(=O)[C@@H]1CC[C@@H]2[C@@H]3CC[C@@H]4NC(=O)C=C[C@@]4(C)[C@H]3CC[C@]21C,0
Cc1ccccc1/C=N\NC(=O)c1csnn1,1
Cc1ccc(OCC(=O)Nc2ccc(S(=O)(=O)Nc3onc(C)c3C)cc2)cc1,0
COc1ccc2[nH]c(C(=O)c3ccccc3)cc2c1,1
C/C(=N\NC(=O)c1ccc(Cl)cc1)c1ccc(Br)s1,1
Cn1c(O)cc(=O)nc1SCC(=O)Nc1ccccc1,0
CCC[C@@H]1C[C@@]1(CCC)C(NS(=O)(=O)c1cccc2cccnc12)c1ccc(Cl)cc1,0
c1ccc(-n2ncc3c(NCCCN4CCOCC4)ncnc32)cc1,0
CO[C@@H]1COC(=O)[C@H](COCc2ccccc2)NC(=O)C/C=C\[C@@H](C)[C@H](OC)COC(=O)[C@@H](C)NC(=O)C/C=C\[C@H]1C,0
O=[N+]([O-])c1c(NCCO)cc(Sc2nc3ccccc3s2)c2nonc12,1
CCOC(=O)c1[nH]c2ccc(OC)cc2c1NC(=O)NC(C)C,1
CCOc1ccc(-n2c(=O)[nH]cc(C(=O)N3CCCc4ccccc43)c2=O)cc1,0
CCNc1ncc2nc(-c3ccc(Cl)cc3)c(=O)n(Cc3cccs3)c2n1,1
CCc1ncc(CO)n1Cc1cccc2ccccc12,0
O=C(O)C[C@H](Cc1ccc2c(c1)OCO2)C(=O)O,0
C[C@@H](Cc1cccc(C(F)(F)F)c1)NCCOC(=O)c1ccccc1,1
Cc1cccn2c(=O)c(/C=N/O)c(N3CCCC3)nc12,1
CN(C)c1cc(-c2cccc(NS(C)(=O)=O)c2)ncn1,1
COc1cccc(C2CC(=O)C=C(NCCCN(C)C)C2)c1,0
CC(C)CN1CC2(CCN(C(=O)c3csnn3)CC2)C1,0
O=C(NCCO)c1ccc(Cl)cc1,1
COc1ccc(-c2cc3ccccc3n2CC(O)CNCCO)cc1,0
CCNc1ncc2nc(-c3cc(F)cc(F)c3)c(=O)n(C3CC3)c2n1,1
CN(C)N1C(N)=C(C#N)C(c2cccnc2)C2=C1CC(C)(C)CC2=O,0
Oc1[nH]nc(C(F)(F)F)c1/C=N/c1ccccc1Cl,1
N[C@@H](CSCc1ccc(I)cc1)C(=O)O,0
CC(C)NC[C@H](O)COc1cccc2ccccc12,1
COc1ccccc1-c1cncnc1NCCc1cnc[nH]1,1
CC(C)C[C@@H]1C(=O)N[C@H](C2Cc3ccccc3C2)C(=O)N1[C@@H](C(=O)NC(C)C)c1ccc2occc2c1,0
O=C(O)c1nn(-c2ccccc2)ccc1=O,0
CCOc1cc(NC(=O)c2ccc(C)cc2)c(OCC)cc1N=C(S)Nc1cccc(OC)c1,1
C1CCc2c(nc3nnnn3c2NC2CCCC2)C1,1
COc1ccc(-c2nn(-c3ccccc3)cc2/C=N/NC(=O)c2ccc(Br)o2)cc1,0
O=C1[C@H]2[C@H]3[C@H](O)[C@H](O)C/C(=N/OC[C@@H](O)COCc4ccco4)[C@H]3CC[C@@H]2C(=O)N1Cc1ccccc1,0
CN(C)c1ccc(-c2nccc(NCCN3CCOCC3)n2)cc1,1
c1ccc(C[C@@H](Nc2cccnc2)c2ccccc2)cc1,1
Cc1cccc(N(C(=O)Cc2cccs2)C(C(=O)NC2CCCC2)c2ccsc2)c1,0
C[C@]1(F)CCC[C@H]1Nc1c(C(N)=O)cnn2cccc12,0
C/C(=C\C1CCCCC1)C(NC(=O)c1ccc(C(F)(F)F)cc1)c1ccc(-c2ccccc2)cc1,0
CCc1cccc(CC)c1-n1c(SCc2cc(=O)n3ccsc3n2)nnc1-c1cccnc1,0
CC1=NN(c2ccc(C)cc2C)C(=O)C1C(c1ccccc1)C1C(=O)N(c2ccc(C)cc2C)N=C1C,0
O=C(c1csnn1)N1CCC2(CC1)CCN(C(c1ccccc1)c1ccccc1)CC2,0
CN(C)c1ccc(-c2nc(Nc3ccncc3)c3ccccc3n2)cc1,1
C[C@H](N)[C@H](O)c1cccc(O)c1,0
COc1cc(Br)cc(/C=N/NC(=O)C(C)n2cc([N+](=O)[O-])c(OC)n2)c1O,1
CCNCCCNCCCNCCCNCC,0
CC(C)N1CCC[C@H]1CNC(=O)c1cn(C2CCCC2)c(=O)c2c1c1ccccc1n2C,0
O=[N+]([O-])c1ccc(N2CCOCC2)nc1,1
Cc1sc2ccccc2c1CC1=NCCN1,1
O=C(Nc1cccc2[nH]ncc12)c1ccc(F)cc1,1
COc1ccccc1CNc1cc(-c2cccc(C#N)c2)ncn1,1
CCN(CC)c1ccc2c(c1)OC(N)=C(C#N)C2c1cccnc1,1
O=C(Nc1nc(-c2ccccc2)cs1)c1cccc([N+](=O)[O-])c1,1
O=C1CSC(c2ccccn2)N1c1ccc(Cl)c(Cl)c1,1
Cc1ccc(S(=O)(=O)N[C@@H](CCc2ccccc2)CC(=O)C(C)(C)C)cc1,0
CCN=C(S)NNC(=O)c1cc(C2CC2)nc2ccccc12,1
Cn1nc(C(F)(F)F)c(/C=N/OC(=O)c2ccccc2Cl)c1SCc1ccc(Cl)cc1,1
CC(=O)Nc1ccc(C(=O)NNC(=O)CCc2ccccc2)cc1,0
Cn1nc(-c2ccc(OCCCN3CCCCC3)cc2)c2c(c1=O)CCCC2,0
CC(C)Cc1nnc(NC(=O)c2ccc([N+](=O)[O-])cc2)s1,0
Cc1cc(OCCNCCO)cc(C)c1Cl,1
CN(C)c1ccnc(-c2ccccc2C(F)(F)F)n1,1
COc1ccccc1CN1CCC2(CC1)CCN(C(=O)c1ccco1)CC2,0
COC(=O)Cn1c(=N)n(CCN2CCCCC2)c2ccccc21,0
N#CCCn1c(=O)c(-c2cccs2)nc2cnc(N3CCNCC3)nc21,1
Cc1cccc(CNc2ncnc3ccc(-c4ccccc4C#N)cc23)c1,1
CCCCNC(=O)CCn1c(=S)[nH]c2cc3c(cc2c1=O)OCO3,1
CN(C)CCCn1c2c3ccccc3ccc2c2oc(=O)c3ccccc3c21,1
Cc1noc(C)c1-c1nccc(N(C)Cc2ccco2)n1,1
CN(C)S(=O)(=O)c1ccc(Nc2ccc(O)c3c2C(=O)c2c([N+](=O)[O-])ccc(O)c2C3=O)cc1,1
COCC(=O)N1CCC2(CC1)CN(c1ccncc1)C2,0
CCOC(=O)CN(c1ccccn1)S(=O)(=O)c1ccccc1,1
O=C1CN2CCN(CC2)CC(=O)Nc2ccc(cc2)S(=O)(=O)c2ccc(cc2)NC(=O)CN2CCN(CC2)CC(=O)Nc2ccc(cc2)S(=O)(=O)c2ccc(cc2)N1,0
Cc1cccc(OCC(=O)N/N=C\C=C\c2ccc3c(c2)OCO3)c1C,1
CC(C)Cn1c(S)nnc1-c1nn(C)cc1Cl,1
Cc1cc(OC(=O)c2ccccc2Br)cc(=O)n1C,1
Cc1ccc(S(=O)(=O)NCC2CCC(C(=O)N3CCC4(CC3)OCCO4)CC2)cc1,0
Cc1cc2c(cc1C)NC1=C(O)[C@@H](c3c[nH]c4ccc(COc5ccccc5)cc34)OC1=N2,1
Nc1nc(N)nc(CCCc2nc(N)nc(N)n2)n1,0
C=C(C)C#C[C@@](O)(C(=O)OC1CCN(C)CC1)c1ccccc1,0
CCN(CC)CC#CCC(C)(c1ccccc1)c1ccccc1,0
Cc1cc(=O)oc(C)c1C(=O)NCc1cccnc1,1
CC(C)(CCP(=O)(O)O)C(=O)O,0
O=c1cnc2cnc(Oc3cccc(Cl)c3)nc2n1C[C@H]1CCCO1,1
N#CC1=C(SCC(N)=O)N=C2C(=C(O)c3ccccc32)C1c1ccc(Cl)cc1,1
CCc1ccc2ccccc2c1,0
CCCNC(=O)Cn1cnc2sc(C(=O)Nc3ccc4c(c3)OCO4)c(C)c2c1=O,0
CCc1c2c(nc3c(C(C)C)cccc13)-c1cccc(=O)n1C2,1
O=C1CCC[C@@H](C(C(=O)OCc2ccccc2)C(=O)OCc2ccccc2)C1,0
CCS(=O)(=O)NCC(c1cccnc1)N1CCN(c2ccccc2F)CC1,0
Cc1cn(CC(=O)c2ccc(-c3ccc(N4C[C@H](Cn5ccnn5)OC4=O)cc3F)cn2)cn1,0
COc1ccc(C(=O)N2CCC3(CCN(Cc4ccccc4OC)CC3)CC2)cc1,0
COc1ccc2c(c1)Cc1sc(NC(=O)c3ccco3)nc1-2,1
O=C(O)NCc1ccccc1,1
CN1C(=O)/C(=C(/C#N)c2nc3ccccc3[nH]2)c2ccccc21,1
C/C(=N\O)c1cccc[n+]1Cc1ccccc1,0
CN(C)CC[C@H](c1ccc(Br)cc1)c1ccccn1,0
COc1ccc(NC(=O)N2CC[C@@]3(CCCNC3)C2)cc1,0
O=C(CCN1C(=O)c2cccc3cccc(c23)C1=O)N1CCN(Cc2ccc3c(c2)OCO3)CC1,0
COc1ccc(-n2c(SC)nc(=O)c(Cc3ccccc3)c2O)cc1,0
O=C(c1ccncc1)N1CCC2(CCCN(c3ncccn3)C2)CC1,1
COC1=CC(=O)OC1,0
Cc1nsc(-c2nnc3n2CCN(C(=O)c2ccccc2)[C@@H]3C)n1,0
O=[N+]([O-])c1ccc2c(c1)N=C1O[C@H](c3c[nH]c4ccc(COc5ccccc5)cc34)C(O)=C1N2,1
Cc1cnc(CNc2nc(-c3ccc(N(C)C)cc3)nc3ccccc23)cn1,1
COc1ccc(CNc2nc(-c3ccc4c(c3)OCO4)nc3ccccc23)c(OC)c1,1
O=C(Cn1c(-c2cscn2)nc2ccccc21)Nc1cc(F)ccc1F,1
